location,sample_id,date,sample_type,gene_copies_per_100_ml,precip
Blucher Poole,Z0H0063-01,07/08/2020 12:00:00 AM,Composite,,
Blucher Poole,Z0H0063-02,07/14/2020 12:00:00 AM,Composite,11,
Blucher Poole,Z0H0063-03,07/21/2020 12:00:00 AM,Composite,,
Blucher Poole,Z0H0063-04,07/22/2020 12:00:00 AM,Composite,,
Blucher Poole,Z0H0063-05,07/23/2020 12:00:00 AM,Composite,,
Blucher Poole,Z0H0063-06,07/24/2020 12:00:00 AM,Composite,,
Blucher Poole,Z0H0063-07,08/03/2020 12:00:00 AM,Composite,,
Blucher Poole,Z0H0063-08,08/04/2020 12:00:00 AM,Composite,,
Blucher Poole,Z0H0063-09,08/10/2020 12:00:00 AM,Composite,,
Blucher Poole,3572908172,08/17/2020 12:00:00 AM,Composite,,
Blucher Poole,3572908191,08/19/2020 12:00:00 AM,Composite,56,
Blucher Poole,3572908201,08/20/2020 12:00:00 AM,Composite,,
Blucher Poole,2095,08/24/2020 12:00:00 AM,Composite,15,
Blucher Poole,2103,08/26/2020 12:00:00 AM,Composite,140,
Blucher Poole,2111,08/27/2020 12:00:00 AM,Composite,140,
Blucher Poole,3095,08/31/2020 12:00:00 AM,Composite,1900,
Blucher Poole,3103,09/02/2020 12:00:00 AM,Composite,700,
Blucher Poole,3111,09/03/2020 12:00:00 AM,Composite,1100,
Blucher Poole,C4095,09/08/2020 12:00:00 AM,Composite,3200,
Blucher Poole,C4103,09/09/2020 12:00:00 AM,Composite,3400,
Blucher Poole,C4111,09/10/2020 12:00:00 AM,Composite,1600,
Blucher Poole,C5094,09/14/2020 12:00:00 AM,Composite,460,
Blucher Poole,C5105,09/16/2020 12:00:00 AM,Composite,46,
Blucher Poole,C5115,09/17/2020 12:00:00 AM,Composite,38,
Blucher Poole,C6094,09/21/2020 12:00:00 AM,Composite,910,
Blucher Poole,C6103,09/23/2020 12:00:00 AM,Composite,61,
Blucher Poole,C6111,09/24/2020 12:00:00 AM,Composite,470,
Blucher Poole,C7095,09/28/2020 12:00:00 AM,Composite,84,
Blucher Poole,C7103,09/30/2020 12:00:00 AM,Composite,22,
Blucher Poole,C7111,10/01/2020 12:00:00 AM,Composite,73,
Blucher Poole,C8095,10/05/2020 12:00:00 AM,Composite,640,
Blucher Poole,C8103,10/07/2020 12:00:00 AM,Composite,580,
Blucher Poole,C8111,10/08/2020 12:00:00 AM,Composite,66,
Blucher Poole,C9095,10/13/2020 12:00:00 AM,Composite,2500,
Blucher Poole,C9103,10/14/2020 12:00:00 AM,Composite,1100,
Blucher Poole,C9111,10/15/2020 12:00:00 AM,Composite,140,
Blucher Poole,C10095,10/19/2020 12:00:00 AM,Composite,730,
Blucher Poole,C10103,10/21/2020 12:00:00 AM,Composite,140,
Blucher Poole,C10111,10/22/2020 12:00:00 AM,Composite,370,
Blucher Poole,C11075,10/26/2020 12:00:00 AM,Composite,770,
Blucher Poole,C11083,10/28/2020 12:00:00 AM,Composite,1900,
Blucher Poole,C11091,10/29/2020 12:00:00 AM,Composite,,
Blucher Poole,C12013,11/02/2020 12:00:00 AM,Composite,,
Blucher Poole,C12021,11/04/2020 12:00:00 AM,Composite,260,
Blucher Poole,C12029,11/05/2020 12:00:00 AM,Composite,380,
Blucher Poole,C13013,11/09/2020 12:00:00 AM,Composite,290,
Blucher Poole,C13021,11/11/2020 12:00:00 AM,Composite,170,
Blucher Poole,C13029,11/12/2020 12:00:00 AM,Composite,,
Blucher Poole,C14013,11/16/2020 12:00:00 AM,Composite,350,
Blucher Poole,C14021,11/18/2020 12:00:00 AM,Composite,640,
Blucher Poole,C15018,11/19/2020 12:00:00 AM,Composite,290,
Blucher Poole,C15010,11/23/2020 12:00:00 AM,Composite,,
Blucher Poole,C14029,11/24/2020 12:00:00 AM,Composite,,
Blucher Poole,C16003,11/30/2020 12:00:00 AM,Composite,,
Blucher Poole,C16011,12/02/2020 12:00:00 AM,Composite,110,
Blucher Poole,C16019,12/03/2020 12:00:00 AM,Composite,150,
Blucher Poole,C17003,12/07/2020 12:00:00 AM,Composite,220,
Blucher Poole,C17011,12/09/2020 12:00:00 AM,Composite,,
Blucher Poole,C17019,12/10/2020 12:00:00 AM,Composite,130,
Blucher Poole,C18003,12/14/2020 12:00:00 AM,Composite,,
Blucher Poole,C18011,12/16/2020 12:00:00 AM,Composite,,
Blucher Poole,C18019,12/17/2020 12:00:00 AM,Composite,,
Blucher Poole,C19003,12/21/2020 12:00:00 AM,Composite,700,
Blucher Poole,C19011,12/23/2020 12:00:00 AM,Composite,680,
Blucher Poole,C20003,12/28/2020 12:00:00 AM,Composite,,
Blucher Poole,C20011,12/30/2020 12:00:00 AM,Composite,490,
Blucher Poole,2895,01/11/2021 12:00:00 AM,Composite,200,
Blucher Poole,2897,01/19/2021 12:00:00 AM,Composite,210,
Blucher Poole,2899,01/25/2021 12:00:00 AM,Composite,120,
Blucher Poole,2901,02/01/2021 12:00:00 AM,Composite,,
Blucher Poole,2903,02/08/2021 12:00:00 AM,Composite,,
Blucher Poole,2905,02/15/2021 12:00:00 AM,Composite,390,
Blucher Poole,2907,02/22/2021 12:00:00 AM,Composite,240,
Blucher Poole,2909,03/01/2021 12:00:00 AM,Composite,360,
Blucher Poole,2911,03/08/2021 12:00:00 AM,Composite,370,
Blucher Poole,2913,03/15/2021 12:00:00 AM,Composite,27,
Blucher Poole,2915,03/22/2021 12:00:00 AM,Composite,,
Blucher Poole,2917,03/29/2021 12:00:00 AM,Composite,300,
Blucher Poole,2919,04/05/2021 12:00:00 AM,Composite,,
Blucher Poole,2921,04/12/2021 12:00:00 AM,Composite,,
Blucher Poole,2923,04/19/2021 12:00:00 AM,Composite,510,
Blucher Poole,2925,04/26/2021 12:00:00 AM,Composite,330,
Blucher Poole,2927,05/03/2021 12:00:00 AM,Composite,190,
Blucher Poole,2929,05/10/2021 12:00:00 AM,Composite,,
Blucher Poole,2931,05/17/2021 12:00:00 AM,Composite,450,
Blucher Poole,2933,05/24/2021 12:00:00 AM,Composite,,
Blucher Poole,2935,06/01/2021 12:00:00 AM,Composite,170,
Blucher Poole,2937,06/07/2021 12:00:00 AM,Composite,470,
Blucher Poole,2939,06/14/2021 12:00:00 AM,Composite,,
Blucher Poole,2941,06/22/2021 12:00:00 AM,Composite,,
Blucher Poole,2943,06/28/2021 12:00:00 AM,Composite,,
Blucher Poole,2945,07/06/2021 12:00:00 AM,Composite,,
Blucher Poole,2948,07/12/2021 12:00:00 AM,Composite,,
Blucher Poole,2950,07/19/2021 12:00:00 AM,Composite,,
Blucher Poole,2952,07/26/2021 12:00:00 AM,Composite,,
Blucher Poole,2954,08/02/2021 12:00:00 AM,Composite,190,
Blucher Poole,2956,08/09/2021 12:00:00 AM,Composite,21,
Blucher Poole,2958,08/16/2021 12:00:00 AM,Composite,12,
Blucher Poole,2960,08/23/2021 12:00:00 AM,Composite,38,
Blucher Poole,2962,08/30/2021 12:00:00 AM,Composite,,
Blucher Poole,2964,09/07/2021 12:00:00 AM,Composite,160,
Blucher Poole,2966,09/13/2021 12:00:00 AM,Composite,220,
Blucher Poole,4326,09/20/2021 12:00:00 AM,Composite,,
Blucher Poole,4328,09/27/2021 12:00:00 AM,Composite,,
Blucher Poole,4330,10/04/2021 12:00:00 AM,Composite,,
Blucher Poole,4334,10/18/2021 12:00:00 AM,Composite,69,
Blucher Poole,4336,10/25/2021 12:00:00 AM,Composite,,
Blucher Poole,4338,11/01/2021 12:00:00 AM,Composite,85,
Blucher Poole,4340,11/08/2021 12:00:00 AM,Composite,28,
Blucher Poole,4342,11/15/2021 12:00:00 AM,Composite,35,
Blucher Poole,4344,11/22/2021 12:00:00 AM,Composite,22,
Blucher Poole,4346,11/29/2021 12:00:00 AM,Composite,180,
Blucher Poole,4348,12/06/2021 12:00:00 AM,Composite,160,0.21
Blucher Poole,4350,12/13/2021 12:00:00 AM,Composite,1200,0
Blucher Poole,4352,12/20/2021 12:00:00 AM,Composite,110,0
Blucher Poole,4354,12/27/2021 12:00:00 AM,Composite,210,0.03
Blucher Poole,4970,01/04/2022 12:00:00 AM,Composite,290,0
Blucher Poole,4971,01/10/2022 12:00:00 AM,Composite,,0.66
Blucher Poole,4972,01/18/2022 12:00:00 AM,Composite,7200,0.01
Blucher Poole,4973,01/24/2022 12:00:00 AM,Composite,1200,0
Blucher Poole,4974,01/31/2022 12:00:00 AM,Composite,1200,0
Blucher Poole,4975,02/07/2022 12:00:00 AM,Composite,180,0
Blucher Poole,4976,02/14/2022 12:00:00 AM,Composite,400,0
Blucher Poole,4977,02/21/2022 12:00:00 AM,Composite,,0
Blucher Poole,4978,02/28/2022 12:00:00 AM,Composite,110,0
Dillman,Z0H0063-10,07/08/2020 12:00:00 AM,Composite,,
Dillman,Z0H0063-11,07/14/2020 12:00:00 AM,Composite,11,
Dillman,Z0H0063-12,07/29/2020 12:00:00 AM,Composite,,
Dillman,Z0H0063-13,08/05/2020 12:00:00 AM,Composite,,
Dillman,Z0H0063-14,08/11/2020 12:00:00 AM,Composite,,
Dillman,1002,08/17/2020 12:00:00 AM,Composite,,
Dillman,1003,08/19/2020 12:00:00 AM,Composite,,
Dillman,1004,08/20/2020 12:00:00 AM,Composite,87,
Dillman,2096,08/24/2020 12:00:00 AM,Composite,,
Dillman,2104,08/26/2020 12:00:00 AM,Composite,,
Dillman,2112,08/27/2020 12:00:00 AM,Composite,,
Dillman,3096,08/31/2020 12:00:00 AM,Composite,220,
Dillman,3103,09/02/2020 12:00:00 AM,Composite,670,
Dillman,3112,09/03/2020 12:00:00 AM,Composite,400,
Dillman,C4096,09/08/2020 12:00:00 AM,Composite,380,
Dillman,C4104,09/09/2020 12:00:00 AM,Composite,940,
Dillman,C4112,09/10/2020 12:00:00 AM,Composite,70,
Dillman,C5096,09/14/2020 12:00:00 AM,Composite,200,
Dillman,C5106,09/16/2020 12:00:00 AM,Composite,12,
Dillman,C5116,09/17/2020 12:00:00 AM,Composite,120,
Dillman,C6096,09/21/2020 12:00:00 AM,Composite,160,
Dillman,C6104,09/23/2020 12:00:00 AM,Composite,120,
Dillman,C6112,09/24/2020 12:00:00 AM,Composite,,
Dillman,C7096,09/28/2020 12:00:00 AM,Composite,,
Dillman,C7104,09/30/2020 12:00:00 AM,Composite,,
Dillman,C7112,10/01/2020 12:00:00 AM,Composite,,
Dillman,C8096,10/05/2020 12:00:00 AM,Composite,190,
Dillman,C8104,10/07/2020 12:00:00 AM,Composite,,
Dillman,C8112,10/08/2020 12:00:00 AM,Composite,,
Dillman,C9096,10/13/2020 12:00:00 AM,Composite,2000,
Dillman,C9104,10/14/2020 12:00:00 AM,Composite,440,
Dillman,C9112,10/15/2020 12:00:00 AM,Composite,370,
Dillman,C10096,10/19/2020 12:00:00 AM,Composite,1100,
Dillman,C10104,10/21/2020 12:00:00 AM,Composite,450,
Dillman,C10112,10/22/2020 12:00:00 AM,Composite,240,
Dillman,C11076,10/26/2020 12:00:00 AM,Composite,1300,
Dillman,C11084,10/28/2020 12:00:00 AM,Composite,380,
Dillman,C11092,10/29/2020 12:00:00 AM,Composite,150,
Dillman,C12014,11/02/2020 12:00:00 AM,Composite,780,
Dillman,C12022,11/04/2020 12:00:00 AM,Composite,180,
Dillman,C12030,11/05/2020 12:00:00 AM,Composite,130,
Dillman,C13014,11/09/2020 12:00:00 AM,Composite,,
Dillman,C13022,11/11/2020 12:00:00 AM,Composite,460,
Dillman,C13030,11/12/2020 12:00:00 AM,Composite,,
Dillman,C14014,11/16/2020 12:00:00 AM,Composite,220,
Dillman,C14022,11/18/2020 12:00:00 AM,Composite,120,
Dillman,C14030,11/19/2020 12:00:00 AM,Composite,760,
Dillman,C15011,11/23/2020 12:00:00 AM,Composite,220,
Dillman,C15019,11/24/2020 12:00:00 AM,Composite,,
Dillman,C16004,11/30/2020 12:00:00 AM,Composite,,
Dillman,C16012,12/02/2020 12:00:00 AM,Composite,250,
Dillman,C16020,12/03/2020 12:00:00 AM,Composite,,
Dillman,C17004,12/07/2020 12:00:00 AM,Composite,460,
Dillman,C17012,12/09/2020 12:00:00 AM,Composite,,
Dillman,C17020,12/10/2020 12:00:00 AM,Composite,350,
Dillman,C18004,12/14/2020 12:00:00 AM,Composite,,
Dillman,C18012,12/16/2020 12:00:00 AM,Composite,340,
Dillman,C18020,12/17/2020 12:00:00 AM,Composite,350,
Dillman,C19004,12/21/2020 12:00:00 AM,Composite,410,
Dillman,C19012,12/23/2020 12:00:00 AM,Composite,,
Dillman,C20004,12/28/2020 12:00:00 AM,Composite,360,
Dillman,C20012,12/30/2020 12:00:00 AM,Composite,420,
Dillman,2896,01/11/2021 12:00:00 AM,Composite,230,
Dillman,2898,01/19/2021 12:00:00 AM,Composite,1400,
Dillman,2900,01/25/2021 12:00:00 AM,Composite,3700,
Dillman,2902,02/01/2021 12:00:00 AM,Composite,,
Dillman,2904,02/08/2021 12:00:00 AM,Composite,1600,
Dillman,5002,02/14/2021 12:00:00 AM,Composite,81,0
Dillman,2906,02/15/2021 12:00:00 AM,Composite,840,
Dillman,2908,02/22/2021 12:00:00 AM,Composite,400,
Dillman,2910,03/01/2021 12:00:00 AM,Composite,,
Dillman,2912,03/08/2021 12:00:00 AM,Composite,6300,
Dillman,2914,03/15/2021 12:00:00 AM,Composite,11,
Dillman,2916,03/22/2021 12:00:00 AM,Composite,,
Dillman,2918,03/29/2021 12:00:00 AM,Composite,280,
Dillman,2920,04/05/2021 12:00:00 AM,Composite,,
Dillman,2922,04/12/2021 12:00:00 AM,Composite,360,
Dillman,2924,04/19/2021 12:00:00 AM,Composite,190,
Dillman,2926,04/26/2021 12:00:00 AM,Composite,310,
Dillman,2928,05/03/2021 12:00:00 AM,Composite,210,
Dillman,2930,05/10/2021 12:00:00 AM,Composite,,
Dillman,2932,05/17/2021 12:00:00 AM,Composite,,
Dillman,2934,05/24/2021 12:00:00 AM,Composite,2300,
Dillman,2936,06/01/2021 12:00:00 AM,Composite,490,
Dillman,2938,06/07/2021 12:00:00 AM,Composite,,
Dillman,2940,06/14/2021 12:00:00 AM,Composite,490,
Dillman,2942,06/22/2021 12:00:00 AM,Composite,,
Dillman,2944,06/28/2021 12:00:00 AM,Composite,,
Dillman,2946,07/06/2021 12:00:00 AM,Composite,,
Dillman,2947,07/12/2021 12:00:00 AM,Composite,,
Dillman,2949,07/19/2021 12:00:00 AM,Composite,,
Dillman,2951,07/26/2021 12:00:00 AM,Grab,12,
Dillman,2953,08/02/2021 12:00:00 AM,Composite,75,
Dillman,2955,08/09/2021 12:00:00 AM,Composite,460,
Dillman,2957,08/16/2021 12:00:00 AM,Composite,67,
Dillman,2959,08/23/2021 12:00:00 AM,Grab,,
Dillman,2961,08/30/2021 12:00:00 AM,Composite,28,
Dillman,2963,09/07/2021 12:00:00 AM,Composite,130,
Dillman,2965,09/13/2021 12:00:00 AM,Composite,420,
Dillman,4325,09/20/2021 12:00:00 AM,Composite,,
Dillman,4327,09/27/2021 12:00:00 AM,Composite,10,
Dillman,4329,10/04/2021 12:00:00 AM,Composite,,
Dillman,4333,10/18/2021 12:00:00 AM,Composite,81,
Dillman,4335,10/25/2021 12:00:00 AM,Composite,,
Dillman,4337,11/01/2021 12:00:00 AM,Composite,23,
Dillman,4339,11/08/2021 12:00:00 AM,Composite,79,
Dillman,4341,11/15/2021 12:00:00 AM,Composite,160,
Dillman,4343,11/22/2021 12:00:00 AM,Composite,140,
Dillman,4345,11/29/2021 12:00:00 AM,Composite,670,
Dillman,4347,12/06/2021 12:00:00 AM,Grab,530,0.21
Dillman,4349,12/13/2021 12:00:00 AM,Composite,600,0
Dillman,4351,12/20/2021 12:00:00 AM,Grab,100,0
Dillman,4353,12/27/2021 12:00:00 AM,Grab,59,0.03
Dillman,4996,01/04/2022 12:00:00 AM,Composite,1600,0
Dillman,4997,01/10/2022 12:00:00 AM,Composite,120,0.66
Dillman,4998,01/18/2022 12:00:00 AM,Grab,4800,0.01
Dillman,4999,01/24/2022 12:00:00 AM,Grab,770,0
Dillman,5000,01/31/2022 12:00:00 AM,Composite,690,0
Dillman,5001,02/07/2022 12:00:00 AM,Composite,30,0
Dillman,5002,02/14/2022 12:00:00 AM,Composite,81,0
Dillman,5003,02/21/2022 12:00:00 AM,Composite,,0
Dillman,5004,02/28/2022 12:00:00 AM,Composite,,0
Highland Village,3572908176,08/17/2020 12:00:00 AM,Grab,,
Highland Village,3572908191,08/19/2020 12:00:00 AM,Grab,,
Highland Village,3572908205,08/20/2020 12:00:00 AM,Grab,,
Highland Village,2100,08/24/2020 12:00:00 AM,Grab,,
Highland Village,2108,08/26/2020 12:00:00 AM,Grab,,
Highland Village,2116,08/27/2020 12:00:00 AM,Grab,,
Highland Village,3100,08/31/2020 12:00:00 AM,Grab,,
Highland Village,3108,09/02/2020 12:00:00 AM,Grab,,
Highland Village,3116,09/03/2020 12:00:00 AM,Grab,,
Highland Village,C4100,09/08/2020 12:00:00 AM,Grab,,
Highland Village,C4108,09/09/2020 12:00:00 AM,Grab,,
Highland Village,C4116,09/10/2020 12:00:00 AM,Grab,,
Highland Village,C5100,09/14/2020 12:00:00 AM,Grab,690,
Highland Village,C5110,09/16/2020 12:00:00 AM,Grab,17,
Highland Village,C5120,09/17/2020 12:00:00 AM,Grab,,
Highland Village,C6100,09/21/2020 12:00:00 AM,Grab,,
Highland Village,C6108,09/23/2020 12:00:00 AM,Grab,,
Highland Village,C6116,09/24/2020 12:00:00 AM,Grab,,
Highland Village,C7100,09/28/2020 12:00:00 AM,Grab,,
Highland Village,C7108,09/30/2020 12:00:00 AM,Grab,,
Highland Village,C7116,10/01/2020 12:00:00 AM,Grab,,
Highland Village,C8100,10/05/2020 12:00:00 AM,Grab,,
Highland Village,C8108,10/07/2020 12:00:00 AM,Grab,,
Highland Village,C8116,10/08/2020 12:00:00 AM,Grab,,
Highland Village,C9100,10/13/2020 12:00:00 AM,Grab,,
Highland Village,C9108,10/14/2020 12:00:00 AM,Grab,,
Highland Village,Cl9116,10/15/2020 12:00:00 AM,Grab,,
Highland Village,C10100,10/19/2020 12:00:00 AM,Grab,,
Highland Village,C10108,10/21/2020 12:00:00 AM,Grab,,
Highland Village,C10116,10/22/2020 12:00:00 AM,Grab,,
Highland Village,C11080,10/26/2020 12:00:00 AM,Grab,,
Highland Village,C11088,10/28/2020 12:00:00 AM,Grab,,
Highland Village,C11096,10/29/2020 12:00:00 AM,Grab,,
Highland Village,C12018,11/02/2020 12:00:00 AM,Grab,,
Highland Village,C12026,11/04/2020 12:00:00 AM,Grab,180,
Highland Village,C12034,11/05/2020 12:00:00 AM,Grab,,
Highland Village,C13018,11/09/2020 12:00:00 AM,Grab,,
Highland Village,C13026,11/11/2020 12:00:00 AM,Grab,,
Highland Village,C13034,11/12/2020 12:00:00 AM,Grab,,
Highland Village,C14018,11/16/2020 12:00:00 AM,Grab,120,
Highland Village,C14026,11/18/2020 12:00:00 AM,Grab,,
Highland Village,C14034,11/19/2020 12:00:00 AM,Grab,,
Highland Village,C15015,11/23/2020 12:00:00 AM,Grab,440,
Highland Village,C15023,11/24/2020 12:00:00 AM,Grab,1500,
Highland Village,C16008,11/30/2020 12:00:00 AM,Grab,,
Highland Village,C16016,12/02/2020 12:00:00 AM,Grab,1700,
Highland Village,C16024,12/03/2020 12:00:00 AM,Grab,450,
Highland Village,C17008,12/07/2020 12:00:00 AM,Grab,170,
Highland Village,C17016,12/09/2020 12:00:00 AM,Grab,,
Highland Village,C17024,12/10/2020 12:00:00 AM,Grab,690,
Highland Village,C18008,12/14/2020 12:00:00 AM,Grab,,
Highland Village,C18016,12/16/2020 12:00:00 AM,Grab,,
Highland Village,C18024,12/17/2020 12:00:00 AM,Grab,,
Highland Village,C19008,12/21/2020 12:00:00 AM,Grab,,
Highland Village,C19016,12/23/2020 12:00:00 AM,Grab,,
Highland Village,C20008,12/28/2020 12:00:00 AM,Grab,190,
Highland Village,C20016,12/30/2020 12:00:00 AM,Grab,,
NW Campus,3572908173,08/17/2020 12:00:00 AM,Composite,120,
NW Campus,3572908192,08/19/2020 12:00:00 AM,Composite,,
NW Campus,3572908202,08/20/2020 12:00:00 AM,Composite,92,
NW Campus,2102,08/24/2020 12:00:00 AM,Composite,160,
NW Campus,2110,08/26/2020 12:00:00 AM,Composite,410,
NW Campus,2118,08/27/2020 12:00:00 AM,Composite,290,
NW Campus,3102,08/31/2020 12:00:00 AM,Composite,1900,
NW Campus,3110,09/02/2020 12:00:00 AM,Composite,2900,
NW Campus,3118,09/03/2020 12:00:00 AM,Composite,4600,
NW Campus,C4102,09/08/2020 12:00:00 AM,Composite,6300,
NW Campus,C4110,09/09/2020 12:00:00 AM,Composite,4100,
NW Campus,C4118,09/10/2020 12:00:00 AM,Composite,2200,
NW Campus,C5102,09/14/2020 12:00:00 AM,Composite,3100,
NW Campus,C5112,09/16/2020 12:00:00 AM,Composite,56,
NW Campus,C5122,09/17/2020 12:00:00 AM,Composite,400,
NW Campus,C6102,09/21/2020 12:00:00 AM,Composite,370,
NW Campus,C6110,09/23/2020 12:00:00 AM,Composite,69,
NW Campus,C6118,09/24/2020 12:00:00 AM,Composite,120,
NW Campus,C7102,09/28/2020 12:00:00 AM,Composite,61,
NW Campus,C7110,09/30/2020 12:00:00 AM,Composite,11,
NW Campus,C7118,10/01/2020 12:00:00 AM,Composite,,
NW Campus,C8102,10/05/2020 12:00:00 AM,Composite,1500,
NW Campus,C8110,10/07/2020 12:00:00 AM,Composite,1700,
NW Campus,C8118,10/08/2020 12:00:00 AM,Composite,62,
NW Campus,C9102,10/13/2020 12:00:00 AM,Composite,,
NW Campus,C9110,10/14/2020 12:00:00 AM,Composite,300,
NW Campus,C9118,10/15/2020 12:00:00 AM,Composite,860,
NW Campus,C10102,10/19/2020 12:00:00 AM,Composite,,
NW Campus,C10110,10/21/2020 12:00:00 AM,Composite,1000,
NW Campus,C10118,10/22/2020 12:00:00 AM,Composite,1100,
NW Campus,C11082,10/26/2020 12:00:00 AM,Composite,,
NW Campus,C11090,10/28/2020 12:00:00 AM,Composite,2100,
NW Campus,C11098,10/29/2020 12:00:00 AM,Composite,570,
NW Campus,C12020,11/02/2020 12:00:00 AM,Composite,,
NW Campus,C12028,11/04/2020 12:00:00 AM,Composite,560,
NW Campus,C12036,11/05/2020 12:00:00 AM,Composite,180,
NW Campus,C13020,11/09/2020 12:00:00 AM,Composite,160,
NW Campus,C13028,11/11/2020 12:00:00 AM,Composite,,
NW Campus,C13036,11/12/2020 12:00:00 AM,Composite,210,
NW Campus,C14020,11/16/2020 12:00:00 AM,Composite,860,
NW Campus,C14028,11/18/2020 12:00:00 AM,Composite,430,
NW Campus,C14036,11/19/2020 12:00:00 AM,Composite,180,
NW Campus,C15017,11/23/2020 12:00:00 AM,Composite,220,
NW Campus,C15025,11/24/2020 12:00:00 AM,Composite,400,
NW Campus,C16010,11/30/2020 12:00:00 AM,Composite,190,
NW Campus,C16018,12/02/2020 12:00:00 AM,Composite,390,
NW Campus,C16026,12/03/2020 12:00:00 AM,Composite,520,
NW Campus,C17010,12/07/2020 12:00:00 AM,Composite,1100,
NW Campus,C17018,12/09/2020 12:00:00 AM,Composite,,
NW Campus,C17026,12/10/2020 12:00:00 AM,Composite,290,
NW Campus,C18010,12/14/2020 12:00:00 AM,Composite,200,
NW Campus,C18018,12/16/2020 12:00:00 AM,Composite,120,
NW Campus,C18026,12/17/2020 12:00:00 AM,Composite,390,
NW Campus,C19010,12/21/2020 12:00:00 AM,Composite,,
NW Campus,C19018,12/23/2020 12:00:00 AM,Composite,1000,
NW Campus,C20010,12/28/2020 12:00:00 AM,Composite,310,
NW Campus,C20018,12/30/2020 12:00:00 AM,Composite,620,
Smith Avenue LS,3572908174,08/17/2020 12:00:00 AM,Grab,,
Smith Avenue LS,3572908193,08/19/2020 12:00:00 AM,Grab,,
Smith Avenue LS,3572908204,08/20/2020 12:00:00 AM,Grab,,
Smith Avenue LS,2101,08/24/2020 12:00:00 AM,Grab,210,
Smith Avenue LS,2109,08/26/2020 12:00:00 AM,Grab,380,
Smith Avenue LS,2117,08/27/2020 12:00:00 AM,Grab,6200,
Smith Avenue LS,2101,08/31/2020 12:00:00 AM,Grab,3000,
Smith Avenue LS,3109,09/02/2020 12:00:00 AM,Grab,62,
Smith Avenue LS,3117,09/03/2020 12:00:00 AM,Grab,140,
Smith Avenue LS,C4101,09/08/2020 12:00:00 AM,Grab,410,
Smith Avenue LS,C4109,09/09/2020 12:00:00 AM,Grab,960,
Smith Avenue LS,C4117,09/10/2020 12:00:00 AM,Grab,1600,
Smith Avenue LS,C5101,09/14/2020 12:00:00 AM,Grab,2600,
Smith Avenue LS,C5111,09/16/2020 12:00:00 AM,Grab,260,
Smith Avenue LS,C5121,09/17/2020 12:00:00 AM,Grab,42,
Smith Avenue LS,C6101,09/21/2020 12:00:00 AM,Grab,300,
Smith Avenue LS,C6109,09/23/2020 12:00:00 AM,Grab,69,
Smith Avenue LS,C6117,09/24/2020 12:00:00 AM,Grab,,
Smith Avenue LS,C7101,09/28/2020 12:00:00 AM,Grab,140,
Smith Avenue LS,C7109,09/30/2020 12:00:00 AM,Grab,,
Smith Avenue LS,C7117,10/01/2020 12:00:00 AM,Grab,,
Smith Avenue LS,C8101,10/05/2020 12:00:00 AM,Grab,180,
Smith Avenue LS,C8109,10/07/2020 12:00:00 AM,Grab,460,
Smith Avenue LS,C8117,10/08/2020 12:00:00 AM,Grab,,
Smith Avenue LS,C9101,10/13/2020 12:00:00 AM,Grab,1800,
Smith Avenue LS,C9109,10/14/2020 12:00:00 AM,Grab,370,
Smith Avenue LS,C9117,10/15/2020 12:00:00 AM,Grab,140,
Smith Avenue LS,C10101,10/19/2020 12:00:00 AM,Grab,,
Smith Avenue LS,C10109,10/21/2020 12:00:00 AM,Grab,1500,
Smith Avenue LS,C10117,10/22/2020 12:00:00 AM,Grab,210,
Smith Avenue LS,C11081,10/26/2020 12:00:00 AM,Grab,,
Smith Avenue LS,C11089,10/28/2020 12:00:00 AM,Grab,170,
Smith Avenue LS,C11097,10/29/2020 12:00:00 AM,Grab,,
Smith Avenue LS,C12019,11/02/2020 12:00:00 AM,Grab,,
Smith Avenue LS,C12027,11/04/2020 12:00:00 AM,Grab,310,
Smith Avenue LS,C12035,11/05/2020 12:00:00 AM,Grab,,
Smith Avenue LS,C13019,11/09/2020 12:00:00 AM,Grab,,
Smith Avenue LS,C13027,11/11/2020 12:00:00 AM,Grab,,
Smith Avenue LS,C13035,11/12/2020 12:00:00 AM,Grab,,
Smith Avenue LS,C14019,11/16/2020 12:00:00 AM,Grab,,
Smith Avenue LS,C14027,11/18/2020 12:00:00 AM,Grab,820,
Smith Avenue LS,C14035,11/19/2020 12:00:00 AM,Grab,,
Smith Avenue LS,C15016,11/23/2020 12:00:00 AM,Grab,630,
Smith Avenue LS,C15024,11/24/2020 12:00:00 AM,Grab,,
Smith Avenue LS,C16009,11/30/2020 12:00:00 AM,Grab,240,
Smith Avenue LS,C16017,12/02/2020 12:00:00 AM,Grab,160,
Smith Avenue LS,C16025,12/03/2020 12:00:00 AM,Grab,620,
Smith Avenue LS,C17009,12/07/2020 12:00:00 AM,Grab,190,
Smith Avenue LS,C17017,12/09/2020 12:00:00 AM,Grab,,
Smith Avenue LS,C17025,12/10/2020 12:00:00 AM,Grab,,
Smith Avenue LS,C18009,12/14/2020 12:00:00 AM,Grab,4700,
Smith Avenue LS,C18017,12/16/2020 12:00:00 AM,Grab,,
Smith Avenue LS,C18025,12/17/2020 12:00:00 AM,Grab,,
Smith Avenue LS,C19009,12/21/2020 12:00:00 AM,Grab,,
Smith Avenue LS,C19017,12/23/2020 12:00:00 AM,Grab,,
Smith Avenue LS,C20009,12/28/2020 12:00:00 AM,Grab,,
Smith Avenue LS,C20017,12/30/2020 12:00:00 AM,Grab,,
Steeplechase,3572908175,08/17/2020 12:00:00 AM,Grab,10,
Steeplechase,3572908194,08/19/2020 12:00:00 AM,Grab,,
Steeplechase,3572908204,08/20/2020 12:00:00 AM,Grab,,
Steeplechase,2099,08/24/2020 12:00:00 AM,Grab,,
Steeplechase,2107,08/26/2020 12:00:00 AM,Grab,,
Steeplechase,2115,08/27/2020 12:00:00 AM,Grab,,
Steeplechase,3099,08/31/2020 12:00:00 AM,Grab,,
Steeplechase,3107,09/02/2020 12:00:00 AM,Grab,,
Steeplechase,3115,09/03/2020 12:00:00 AM,Grab,47,
Steeplechase,C4099,09/08/2020 12:00:00 AM,Grab,,
Steeplechase,C4107,09/09/2020 12:00:00 AM,Grab,,
Steeplechase,C4115,09/10/2020 12:00:00 AM,Grab,,
Steeplechase,C5099,09/14/2020 12:00:00 AM,Grab,,
Steeplechase,C5109,09/16/2020 12:00:00 AM,Grab,,
Steeplechase,C5119,09/17/2020 12:00:00 AM,Grab,,
Steeplechase,C6099,09/21/2020 12:00:00 AM,Grab,,
Steeplechase,C6107,09/23/2020 12:00:00 AM,Grab,,
Steeplechase,C6115,09/24/2020 12:00:00 AM,Grab,,
Steeplechase,C7099,09/28/2020 12:00:00 AM,Grab,,
Steeplechase,C7107,09/30/2020 12:00:00 AM,Grab,,
Steeplechase,C7115,10/01/2020 12:00:00 AM,Grab,,
Steeplechase,C8099,10/05/2020 12:00:00 AM,Grab,,
Steeplechase,C8107,10/07/2020 12:00:00 AM,Grab,,
Steeplechase,C8115,10/08/2020 12:00:00 AM,Grab,79,
Steeplechase,C9099,10/13/2020 12:00:00 AM,Grab,250,
Steeplechase,C9107,10/14/2020 12:00:00 AM,Grab,,
Steeplechase,C9115,10/15/2020 12:00:00 AM,Grab,,
Steeplechase,C10099,10/19/2020 12:00:00 AM,Grab,,
Steeplechase,C10107,10/21/2020 12:00:00 AM,Grab,470,
Steeplechase,C10115,10/22/2020 12:00:00 AM,Grab,,
Steeplechase,C11079,10/26/2020 12:00:00 AM,Grab,,
Steeplechase,C11087,10/28/2020 12:00:00 AM,Grab,,
Steeplechase,C11095,10/29/2020 12:00:00 AM,Grab,,
Steeplechase,C12017,11/02/2020 12:00:00 AM,Grab,,
Steeplechase,C12025,11/04/2020 12:00:00 AM,Grab,,
Steeplechase,C12033,11/05/2020 12:00:00 AM,Grab,,
Steeplechase,C13017,11/09/2020 12:00:00 AM,Grab,,
Steeplechase,C13025,11/11/2020 12:00:00 AM,Grab,,
Steeplechase,C13033,11/12/2020 12:00:00 AM,Grab,,
Steeplechase,C14017,11/16/2020 12:00:00 AM,Grab,,
Steeplechase,C14025,11/18/2020 12:00:00 AM,Grab,2500,
Steeplechase,C14033,11/19/2020 12:00:00 AM,Grab,,
Steeplechase,C15014,11/23/2020 12:00:00 AM,Grab,,
Steeplechase,C15022,11/24/2020 12:00:00 AM,Grab,,
Steeplechase,C16007,11/30/2020 12:00:00 AM,Grab,470,
Steeplechase,C16015,12/02/2020 12:00:00 AM,Grab,380,
Steeplechase,C16023,12/03/2020 12:00:00 AM,Grab,,
Steeplechase,C17007,12/07/2020 12:00:00 AM,Grab,220,
Steeplechase,C17015,12/09/2020 12:00:00 AM,Grab,,
Steeplechase,C17023,12/10/2020 12:00:00 AM,Grab,,
Steeplechase,C18007,12/14/2020 12:00:00 AM,Grab,,
Steeplechase,C18015,12/16/2020 12:00:00 AM,Grab,,
Steeplechase,C18023,12/17/2020 12:00:00 AM,Grab,,
Steeplechase,C19007,12/21/2020 12:00:00 AM,Grab,,
Steeplechase,C19015,12/23/2020 12:00:00 AM,Grab,,
Steeplechase,C20007,12/28/2020 12:00:00 AM,Grab,,
Steeplechase,C20015,12/30/2020 12:00:00 AM,Grab,300,
Landmark Ave,C6184,09/21/2020 12:00:00 AM,Composite,1300,
Landmark Ave,C6185,09/23/2020 12:00:00 AM,Composite,80,
Landmark Ave,C6186,09/24/2020 12:00:00 AM,Composite,,
Landmark Ave,C7184,09/28/2020 12:00:00 AM,Composite,48,
Landmark Ave,C7185,09/30/2020 12:00:00 AM,Composite,,
Landmark Ave,C7186,10/01/2020 12:00:00 AM,Composite,,
Landmark Ave,C8097,10/05/2020 12:00:00 AM,Composite,370,
Landmark Ave,C8105,10/07/2020 12:00:00 AM,Composite,,
Landmark Ave,C8113,10/08/2020 12:00:00 AM,Composite,,
Landmark Ave,C9097,10/13/2020 12:00:00 AM,Composite,1100,
Landmark Ave,C9105,10/14/2020 12:00:00 AM,Composite,770,
Landmark Ave,C9113,10/15/2020 12:00:00 AM,Composite,,
Landmark Ave,C10097,10/19/2020 12:00:00 AM,Composite,,
Landmark Ave,C10105,10/21/2020 12:00:00 AM,Composite,4200,
Landmark Ave,C10113,10/22/2020 12:00:00 AM,Composite,210,
Landmark Ave,C11077,10/26/2020 12:00:00 AM,Composite,,
Landmark Ave,C11085,10/28/2020 12:00:00 AM,Composite,1000,
Landmark Ave,C11093,10/29/2020 12:00:00 AM,Composite,280,
Landmark Ave,C12015,11/02/2020 12:00:00 AM,Composite,,
Landmark Ave,C12023,11/04/2020 12:00:00 AM,Composite,700,
Landmark Ave,C12031,11/05/2020 12:00:00 AM,Composite,700,
Landmark Ave,C13015,11/09/2020 12:00:00 AM,Composite,420,
Landmark Ave,C13023,11/11/2020 12:00:00 AM,Composite,180,
Landmark Ave,C13031,11/12/2020 12:00:00 AM,Composite,760,
Landmark Ave,C14015,11/16/2020 12:00:00 AM,Composite,220,
Landmark Ave,C14023,11/18/2020 12:00:00 AM,Composite,2500,
Landmark Ave,C14031,11/19/2020 12:00:00 AM,Composite,140,
Landmark Ave,C15012,11/23/2020 12:00:00 AM,Composite,,
Landmark Ave,C15020,11/24/2020 12:00:00 AM,Composite,,
Landmark Ave,C16005,11/30/2020 12:00:00 AM,Composite,,
Landmark Ave,C16013,12/02/2020 12:00:00 AM,Composite,120,
Landmark Ave,C16021,12/03/2020 12:00:00 AM,Composite,170,
Landmark Ave,C17005,12/07/2020 12:00:00 AM,Composite,210,
Landmark Ave,C17013,12/09/2020 12:00:00 AM,Composite,120,
Landmark Ave,C17021,12/10/2020 12:00:00 AM,Composite,120,
Landmark Ave,C18005,12/14/2020 12:00:00 AM,Composite,340,
Landmark Ave,C18013,12/16/2020 12:00:00 AM,Composite,,
Landmark Ave,C18021,12/17/2020 12:00:00 AM,Composite,360,
Landmark Ave,C19005,12/21/2020 12:00:00 AM,Composite,,
Landmark Ave,C19013,12/23/2020 12:00:00 AM,Composite,,
Landmark Ave,C20005,12/28/2020 12:00:00 AM,Composite,,
Landmark Ave,C20013,12/30/2020 12:00:00 AM,Composite,,
Woodbridge Apt,3572908174,08/17/2020 12:00:00 AM,Grab,,
Woodbridge Apt,3572908193,08/19/2020 12:00:00 AM,Composite,,
Woodbridge Apt,3572908203,08/20/2020 12:00:00 AM,Composite,,
Woodbridge Apt,2098,08/24/2020 12:00:00 AM,Composite,,
Woodbridge Apt,2106,08/26/2020 12:00:00 AM,Composite,,
Woodbridge Apt,2114,08/27/2020 12:00:00 AM,Composite,,
Woodbridge Apt,3098,08/31/2020 12:00:00 AM,Composite,540,
Woodbridge Apt,3106,09/02/2020 12:00:00 AM,Composite,70,
Woodbridge Apt,3114,09/03/2020 12:00:00 AM,Composite,,
Woodbridge Apt,C4098,09/08/2020 12:00:00 AM,Composite,760,
Woodbridge Apt,C4106,09/09/2020 12:00:00 AM,Composite,,
Woodbridge Apt,C4114,09/10/2020 12:00:00 AM,Composite,65,
Woodbridge Apt,C5098,09/14/2020 12:00:00 AM,Composite,75,
Woodbridge Apt,C5108,09/16/2020 12:00:00 AM,Composite,,
Woodbridge Apt,C5118,09/17/2020 12:00:00 AM,Composite,,
Woodbridge Apt,C6098,09/21/2020 12:00:00 AM,Composite,,
Woodbridge Apt,C6106,09/23/2020 12:00:00 AM,Composite,,
Woodbridge Apt,C6114,09/24/2020 12:00:00 AM,Composite,36,
Woodbridge Apt,C7098,09/28/2020 12:00:00 AM,Composite,,
Woodbridge Apt,C7106,09/30/2020 12:00:00 AM,Composite,,
Woodbridge Apt,C7114,10/01/2020 12:00:00 AM,Composite,,
Woodbridge Apt,C8098,10/05/2020 12:00:00 AM,Composite,11000,
Woodbridge Apt,C8106,10/07/2020 12:00:00 AM,Composite,240,
Woodbridge Apt,C8114,10/08/2020 12:00:00 AM,Composite,,
Woodbridge Apt,C9098,10/13/2020 12:00:00 AM,Composite,,
Woodbridge Apt,C9106,10/14/2020 12:00:00 AM,Composite,,
Woodbridge Apt,C9114,10/15/2020 12:00:00 AM,Composite,,
Woodbridge Apt,C10098,10/19/2020 12:00:00 AM,Composite,,
Woodbridge Apt,C10106,10/21/2020 12:00:00 AM,Composite,,
Woodbridge Apt,C10114,10/22/2020 12:00:00 AM,Composite,,
Woodbridge Apt,C11078,10/26/2020 12:00:00 AM,Composite,,
Woodbridge Apt,C11086,10/28/2020 12:00:00 AM,Composite,170,
Woodbridge Apt,C11094,10/29/2020 12:00:00 AM,Composite,210,
Woodbridge Apt,C12016,11/02/2020 12:00:00 AM,Composite,,
Woodbridge Apt,C12024,11/04/2020 12:00:00 AM,Composite,,
Woodbridge Apt,C12032,11/05/2020 12:00:00 AM,Composite,1300,
Woodbridge Apt,C13016,11/09/2020 12:00:00 AM,Composite,,
Woodbridge Apt,C13024,11/11/2020 12:00:00 AM,Composite,5700,
Woodbridge Apt,C13032,11/12/2020 12:00:00 AM,Composite,130,
Woodbridge Apt,C14016,11/16/2020 12:00:00 AM,Composite,550,
Woodbridge Apt,C14024,11/18/2020 12:00:00 AM,Composite,820,
Woodbridge Apt,C14032,11/19/2020 12:00:00 AM,Composite,1400,
Woodbridge Apt,C15013,11/23/2020 12:00:00 AM,Composite,740,
Woodbridge Apt,C15021,11/24/2020 12:00:00 AM,Composite,,
Woodbridge Apt,C16006,11/30/2020 12:00:00 AM,Composite,,
Woodbridge Apt,C16014,12/02/2020 12:00:00 AM,Composite,140,
Woodbridge Apt,C16022,12/03/2020 12:00:00 AM,Composite,,
Woodbridge Apt,C17006,12/07/2020 12:00:00 AM,Composite,,
Woodbridge Apt,C17014,12/09/2020 12:00:00 AM,Composite,,
Woodbridge Apt,C17022,12/10/2020 12:00:00 AM,Composite,,
Woodbridge Apt,C18006,12/14/2020 12:00:00 AM,Composite,1500,
Woodbridge Apt,C18014,12/16/2020 12:00:00 AM,Composite,,
Woodbridge Apt,C18022,12/17/2020 12:00:00 AM,Composite,180,
Woodbridge Apt,C19006,12/21/2020 12:00:00 AM,Composite,640,
Woodbridge Apt,C19014,12/23/2020 12:00:00 AM,Composite,500,
Woodbridge Apt,C20006,12/28/2020 12:00:00 AM,Composite,,
Woodbridge Apt,C20014,12/30/2020 12:00:00 AM,Composite,720,
